specialization,job,type,code_or_trait,weight
Networking & Cybersecurity,Network Administrator,skill,CPE_020,0.95
Networking & Cybersecurity,Network Administrator,skill,LAN_WAN_configuration,0.93
Networking & Cybersecurity,Network Administrator,skill,router_switch_setup,0.91
Networking & Cybersecurity,Network Administrator,skill,network_monitoring_tools,0.90
Networking & Cybersecurity,Network Administrator,trait,documentation,0.85
Networking & Cybersecurity,Network Administrator,trait,network_security_ethics,0.87

Networking & Cybersecurity,Network Engineer,skill,packet_analysis,0.92
Networking & Cybersecurity,Network Engineer,skill,firewall_configuration,0.90
Networking & Cybersecurity,Network Engineer,skill,VPN_configuration,0.89
Networking & Cybersecurity,Network Engineer,skill,vulnerability_scanning,0.88
Networking & Cybersecurity,Network Engineer,trait,attention_to_detail,0.86
Networking & Cybersecurity,Network Engineer,trait,systematic_thinking,0.84

Networking & Cybersecurity,Cybersecurity Analyst,skill,penetration_testing,0.94
Networking & Cybersecurity,Cybersecurity Analyst,skill,threat_detection,0.93
Networking & Cybersecurity,Cybersecurity Analyst,skill,incident_response,0.92
Networking & Cybersecurity,Cybersecurity Analyst,skill,data_privacy_compliance,0.90
Networking & Cybersecurity,Cybersecurity Analyst,trait,ethical_judgment,0.89
Networking & Cybersecurity,Cybersecurity Analyst,trait,adaptability,0.85

Networking & Cybersecurity,IT Support Specialist,skill,system_maintenance,0.88
Networking & Cybersecurity,IT Support Specialist,skill,remote_troubleshooting,0.86
Networking & Cybersecurity,IT Support Specialist,skill,hardware_network_setup,0.85
Networking & Cybersecurity,IT Support Specialist,trait,problem_diagnosis,0.87
Networking & Cybersecurity,IT Support Specialist,trait,communication_skills,0.84
Networking & Cybersecurity,IT Support Specialist,trait,user_assistance_patience,0.83

Networking & Cybersecurity,Security Engineer,skill,firewall_policy_design,0.91
Networking & Cybersecurity,Security Engineer,skill,IDS_IPS_configuration,0.90
Networking & Cybersecurity,Security Engineer,skill,encryption_standards,0.89
Networking & Cybersecurity,Security Engineer,skill,system_hardening,0.88
Networking & Cybersecurity,Security Engineer,trait,confidentiality,0.87
Networking & Cybersecurity,Security Engineer,trait,risk_assessment,0.86

Networking & Cybersecurity,Network Operations Center (NOC) Technician,skill,network_diagnostics,0.89
Networking & Cybersecurity,Network Operations Center (NOC) Technician,skill,uptime_monitoring,0.88
Networking & Cybersecurity,Network Operations Center (NOC) Technician,skill,troubleshooting_logs,0.87
Networking & Cybersecurity,Network Operations Center (NOC) Technician,trait,attention_to_detail,0.86
Networking & Cybersecurity,Network Operations Center (NOC) Technician,trait,time_management,0.85
Networking & Cybersecurity,Network Operations Center (NOC) Technician,trait,alertness,0.84

Electronics & Signal Processing,Electronics Engineer,skill,CPE_013,0.94
Electronics & Signal Processing,Electronics Engineer,skill,CPE_017,0.91
Electronics & Signal Processing,Electronics Engineer,skill,CPE_021,0.90
Electronics & Signal Processing,skill,analog_circuit_design,0.89
Electronics & Signal Processing,skill,digital_circuit_analysis,0.88
Electronics & Signal Processing,trait,precision,0.87
Electronics & Signal Processing,trait,systematic_thinking,0.85

Electronics & Signal Processing,Signal Processing Engineer,skill,CPE_018,0.92
Electronics & Signal Processing,Signal Processing Engineer,skill,signal_filtering,0.91
Electronics & Signal Processing,Signal Processing Engineer,skill,frequency_analysis,0.90
Electronics & Signal Processing,Signal Processing Engineer,skill,data_acquisition_systems,0.89
Electronics & Signal Processing,trait,analytical_thinking,0.88
Electronics & Signal Processing,trait,problem_solving,0.86

Electronics & Signal Processing,Control Systems Engineer,skill,CPE_019,0.93
Electronics & Signal Processing,Control Systems Engineer,skill,PID_tuning,0.91
Electronics & Signal Processing,Control Systems Engineer,skill,simulation_tools,0.90
Electronics & Signal Processing,Control Systems Engineer,skill,automation_integration,0.88
Electronics & Signal Processing,trait,logical_reasoning,0.87
Electronics & Signal Processing,trait,patience,0.85

Electronics & Signal Processing,Instrumentation Engineer,skill,sensor_integration,0.91
Electronics & Signal Processing,Instrumentation Engineer,skill,measurement_systems,0.90
Electronics & Signal Processing,Instrumentation Engineer,skill,data_calibration,0.89
Electronics & Signal Processing,Instrumentation Engineer,skill,control_panel_design,0.88
Electronics & Signal Processing,trait,accuracy,0.87
Electronics & Signal Processing,trait,documentation,0.86

Electronics & Signal Processing,Design Validation Engineer,skill,PCB_testing,0.90
Electronics & Signal Processing,Design Validation Engineer,skill,debugging_instruments,0.89
Electronics & Signal Processing,Design Validation Engineer,skill,compliance_testing,0.88
Electronics & Signal Processing,Design Validation Engineer,skill,schematic_verification,0.87
Electronics & Signal Processing,trait,attention_to_detail,0.86
Electronics & Signal Processing,trait,quality_control_mindset,0.85

Electronics & Signal Processing,Product Design Engineer,skill,CPE_012,0.92
Electronics & Signal Processing,Product Design Engineer,skill,3D_modeling,0.91
Electronics & Signal Processing,Product Design Engineer,skill,prototype_testing,0.90
Electronics & Signal Processing,Product Design Engineer,skill,circuit_optimization,0.89
Electronics & Signal Processing,trait,creativity,0.88
Electronics & Signal Processing,trait,collaboration,0.86
